muni_code,cnty_name,cnty_levy,cnty_dist_levy,adj_cnty_levy,tot_cnty_levy,cnty_txbl_full_val,full_val_tax_rate_mills,avg_eff_prop_tax_rate,avg_eff_prop_tax_pct
010100000000,Albany,103374680.0,0.0,22299.48046875,103396984.0,37210537984.0,2.7787015438079834,0.002778701543807983,0.2778701543807983
020100000000,Allegany,31122922.0,0.0,392692.1875,31515614.0,3113770496.0,10.121367454528809,0.010121367454528808,1.0121367454528807
360050000000,Bronx,,,,35311506311.0,1372240521541.0,25.7327383623287,0.0257327383623287,2.57327383623287
030100000000,Broome,75225784.0,0.0,10878.240234375,75236656.0,13679750144.0,5.499855995178223,0.0054998559951782225,0.5499855995178222
040100000000,Cattaraugus,57692880.0,0.0,33675.4609375,57726556.0,7109545984.0,8.119584083557129,0.008119584083557129,0.8119584083557129
050100000000,Cayuga,45221940.0,171027.8125,811615.75,46204584.0,7556188672.0,6.114799976348877,0.006114799976348877,0.6114799976348877
060100000000,Chautauqua,68226584.0,0.0,5012988.5,73239568.0,10920597504.0,6.7065534591674805,0.006706553459167481,0.670655345916748
070100000000,Chemung,30695156.0,1152620.5,3726988.5,35574764.0,6157620224.0,5.777356147766113,0.0057773561477661136,0.5777356147766114
080100000000,Chenango,30098158.0,0.0,0.0,30098158.0,3496455680.0,8.60819149017334,0.00860819149017334,0.860819149017334
090100000000,Clinton,19603870.0,0.0,52856.8203125,19656726.0,7450357248.0,2.6383602619171143,0.002638360261917114,0.2638360261917114
100100000000,Columbia,49738612.0,0.0,1479.8499755859375,49740092.0,14404055040.0,3.453200578689575,0.003453200578689575,0.3453200578689575
110100000000,Cortland,40293540.0,18242.189453125,0.0,40311780.0,3760742912.0,10.719100952148438,0.010719100952148437,1.0719100952148437
120100000000,Delaware,36544760.0,0.0,0.0,36544760.0,9071425536.0,4.028557777404785,0.004028557777404785,0.4028557777404785
130100000000,Dutchess,102108560.0,3379326.0,190647.40625,105678528.0,47073337344.0,2.244976282119751,0.002244976282119751,0.22449762821197508
140100000000,Erie,329785824.0,56707528.0,862952.75,387356320.0,104251088896.0,3.715609073638916,0.003715609073638916,0.3715609073638916
150100000000,Essex,28683690.0,0.0,19265.0703125,28702954.0,10689476608.0,2.685159921646118,0.0026851599216461183,0.2685159921646118
160100000000,Franklin,18841250.0,30699.9609375,555311.25,19427262.0,5727776256.0,3.391763210296631,0.0033917632102966307,0.33917632102966305
170100000000,Fulton,33324138.0,0.0,7944.6298828125,33332082.0,5555173376.0,6.000187397003174,0.006000187397003174,0.6000187397003174
180100000000,Genesee,33550428.0,0.0,80309.4765625,33630736.0,4443006976.0,7.569364070892334,0.007569364070892334,0.7569364070892334
190100000000,Greene,27301198.0,95000.9609375,130903.640625,27527102.0,10831174656.0,2.5414698123931885,0.0025414698123931885,0.25414698123931884
200100000000,Hamilton,9938138.0,0.0,0.0,9938138.0,4841193472.0,2.052828073501587,0.002052828073501587,0.2052828073501587
210100000000,Herkimer,26991948.0,467465.15625,0.0,27459412.0,7722147840.0,3.55592942237854,0.00355592942237854,0.355592942237854
220100000000,Jefferson,64425560.0,0.0,198638.4375,64624196.0,11020573696.0,5.863959789276123,0.005863959789276123,0.5863959789276123
360470000000,Kings,,,,35311506311.0,1372240521541.0,25.7327383623287,0.0257327383623287,2.57327383623287
230100000000,Lewis,19929192.0,0.0,69959.0,19999150.0,3160961792.0,6.326919078826904,0.0063269190788269045,0.6326919078826905
240100000000,Livingston,33064732.0,151657.0,447677.21875,33664064.0,5368523264.0,6.2706379890441895,0.006270637989044189,0.627063798904419
250100000000,Madison,45548036.0,80000.671875,0.0,45628036.0,6301860352.0,7.240407466888428,0.007240407466888428,0.7240407466888428
260100000000,Monroe,386335072.0,30544328.0,46881848.0,463761248.0,73312108544.0,6.32584810256958,0.00632584810256958,0.632584810256958
270100000000,Montgomery,31613008.0,68000.0625,15653.259765625,31696662.0,3880413952.0,8.168371200561523,0.008168371200561523,0.8168371200561523
280100000000,Nassau,62772592.0,947451264.0,1351715.0,1011575616.0,332956008448.0,3.038165807723999,0.003038165807723999,0.3038165807723999
360610000000,New York,,,,35311506311.0,1372240521541.0,25.7327383623287,0.0257327383623287,2.57327383623287
290100000000,Niagara,97818928.0,10008016.0,194304.90625,108021248.0,19484012544.0,5.544096946716309,0.005544096946716309,0.5544096946716309
300100000000,Oneida,80637752.0,0.0,0.0,80637752.0,17541124096.0,4.597068786621094,0.004597068786621094,0.4597068786621094
310100000000,Onondaga,146229184.0,5240773.5,22860440.0,174330400.0,44106412032.0,3.9524953365325928,0.003952495336532593,0.39524953365325927
320100000000,Ontario,83258248.0,4920.75,30696.220703125,83293864.0,14981681152.0,5.559714317321777,0.005559714317321778,0.5559714317321778
330100000000,Orange,120550208.0,1632030.125,75071.0703125,122257304.0,56308002816.0,2.171224355697632,0.0021712243556976317,0.21712243556976318
340100000000,Orleans,19684510.0,0.0,0.0,19684510.0,2709739008.0,7.2643561363220215,0.007264356136322022,0.7264356136322022
350100000000,Oswego,48206184.0,0.0,6697171.0,54903356.0,9183380480.0,5.978556156158447,0.005978556156158448,0.5978556156158448
360100000000,Otsego,14780492.0,0.0,1376.1500244140625,14781868.0,6432905728.0,2.2978522777557373,0.002297852277755737,0.22978522777557372
370100000000,Putnam,46161140.0,0.0,51170.51171875,46212308.0,19960741888.0,2.315159797668457,0.002315159797668457,0.2315159797668457
360810000000,Queens,,,,35311506311.0,1372240521541.0,25.7327383623287,0.0257327383623287,2.57327383623287
380100000000,Rensselaer,61990784.0,0.0,11305016.0,73295800.0,16666414080.0,4.397814750671387,0.004397814750671387,0.4397814750671387
360850000000,Richmond,,,,35311506311.0,1372240521541.0,25.7327383623287,0.0257327383623287,2.57327383623287
390100000000,Rockland,125501416.0,13910453.0,205267.703125,139617136.0,58175209472.0,2.39994215965271,0.00239994215965271,0.23999421596527098
410100000000,Saratoga,76675568.0,0.0,62669.4609375,76738240.0,40036593664.0,1.9167025089263916,0.0019167025089263916,0.19167025089263917
420100000000,Schenectady,71021032.0,0.0,2532858.75,73553888.0,15141870592.0,4.857648849487305,0.004857648849487304,0.48576488494873044
430100000000,Schoharie,22535624.0,0.0,5462.6201171875,22541086.0,3585668864.0,6.286438465118408,0.006286438465118408,0.6286438465118408
440100000000,Schuyler,11442712.0,110295.0,0.0,11553007.0,2544180480.0,4.540954113006592,0.004540954113006592,0.45409541130065917
450100000000,Seneca,12309606.0,0.0,0.0,12309606.0,3468740864.0,3.54872465133667,0.00354872465133667,0.354872465133667
400100000000,St. Lawrence,55729828.0,0.0,4195401.0,59925228.0,8106441216.0,7.392297744750977,0.007392297744750977,0.7392297744750977
460100000000,Steuben,43903908.0,41796.0,57973.69921875,44003676.0,8073486848.0,5.450393199920654,0.005450393199920654,0.5450393199920655
470100000000,Suffolk,59062188.0,685030656.0,99141648.0,843234496.0,497904254976.0,1.6935676336288452,0.0016935676336288451,0.16935676336288452
480100000000,Sullivan,74738520.0,0.0,2292986.5,77031504.0,15636900864.0,4.92626428604126,0.00492626428604126,0.492626428604126
490100000000,Tioga,26767600.0,0.0,13528.7802734375,26781128.0,3848696320.0,6.958493232727051,0.006958493232727051,0.6958493232727051
500100000000,Tompkins,48054732.0,0.0,0.0,48054732.0,11453158400.0,4.1957621574401855,0.0041957621574401855,0.41957621574401854
510100000000,Ulster,73974408.0,0.0,120517.21875,74094928.0,33070381056.0,2.2405221462249756,0.0022405221462249757,0.22405221462249758
520100000000,Warren,52151980.0,4363.830078125,22682.26953125,52179024.0,16283643904.0,3.2043826580047607,0.003204382658004761,0.3204382658004761
530100000000,Washington,37823528.0,622969.5625,347223.78125,38793724.0,7339489280.0,5.285616397857666,0.005285616397857666,0.5285616397857666
540100000000,Wayne,42970908.0,0.0,40871.33984375,43011780.0,8482912768.0,5.070402145385742,0.005070402145385742,0.5070402145385743
550100000000,Westchester,542112832.0,213347520.0,86714.2734375,755547072.0,236145836032.0,3.199493408203125,0.003199493408203125,0.31994934082031246
560100000000,Wyoming,28534408.0,3182053.25,28854.900390625,31745318.0,3540612352.0,8.966053009033203,0.008966053009033203,0.8966053009033202
570100000000,Yates,16986680.0,31485.900390625,11466.9599609375,17029632.0,4028682752.0,4.2270965576171875,0.004227096557617187,0.4227096557617187
